Borough,Station Name,Address
Barking and Dagenham,Barking,"Alfred's Way, IG11 0BB"
Barking and Dagenham,Dagenham,"70 Rainham Road North, Dagenham, RM10 7ES"
Barnet,Barnet,"144 Station Road, EN5 1TE"
Barnet,Finchley,"227 Long Lane, N3 2RP"
Barnet,Hendon,"91 The Burroughs Hendon, NW4 4BL"
Barnet,Mill Hill,"10 Hartley Avenue, NW7 2HX"
Bexley,Bexley,"172 Erith Road Bexleyheath, DA7 6BY"
Bexley,Erith,"52 Erith Road Bexleyheath, DA17 6HR"
Bexley,Sidcup,"156 - 158 Main Road, DA14 6NZ"
Brent,Park Royal,"Waxlow Road, NW10 7NU"
Brent,Wembley,"591A Harrow Road, HA0 2EG"
Brent,Willesden,"59a Pound Lane, NW10 2HH"
Bromley,Beckenham,"8 Beckenham Road, BR3 4LR"
Bromley,Biggin Hill,"2 Kingsmead, TN16 3UB"
Bromley,Bromley,"4 South Street Bromley Kent, BR1 1RH"
Bromley,Orpington,"Avalon Road, BR6 9AX"
Camden,Kentish Town,"20 Highgate Rd, London, NW5 1NS"
Camden,Euston,"172 Euston Road, NW1 2DH"
Camden,West Hampstead,"327B West End Lane, NW6 1RS"
City of London,Dowgate,"94-95 Upper Thames Street, EC4R 3UE"
Croydon,Addington,"197-199 Lodge Lane, CR0 0QA"
Croydon,Croydon,"90 Old Town, CR0 1AR"
Croydon,Norbury,"1321/1325A London Road, SW16 4AU"
Croydon,Purley,"128 Brighton Road, CR8 4DB"
Croydon,Woodside,"2 Long Lane Addiscombe Road Croydon, CR0 7AL"
Ealing,Acton,"27 Gunnersbury Lane, W3 8EA"
Ealing,Ealing,"60-64 Uxbridge Road, W13 8RA"
Ealing,Northolt,"74 Petts Hill, UB5 4JT"
Ealing,Southall,"17 - 19 High Street, UB1 3HA"
Enfield,Enfield,"93 Carterhatch Lane, EN1 4LA"
Enfield,Edmonton,"99 Church Street, N9 9AA"
Enfield,Southgate,"96 High Street, N14 6BN"
Greenwich,East Greenwich,"325 Woolwich Road, SE7 7RF"
Greenwich,Eltham Fire Station,"266 Eltham High St, SE9 1BA"
Greenwich,Greenwich,"4 Blisset Street, SE10 8UP"
Greenwich,Lee Green,"9 Eltham Road, SE12 8ES"
Greenwich,Plumstead,"1 Lakedale Road Plumstead, SE12 8ES"
Hackney,Shoreditch,"235 Old Street, EC1V 9EY"
Hackney,Stoke Newington,"64 Stoke Newington Church Street, N16 0AR"
Hackney,Homerton,"97 Homerton High Street Hackney, London, E9 6DL"
Hammersmith and Fulham,Hammersmith Fire Station,"190-192 Shepherd's Bush Road, London, W6 7NL"
Hammersmith and Fulham,Fulham,"685 Fulham Rd, Fulham, London, SW6 5UJ"
Haringey,Hornsey,"108 Park Avenue South, N8 8LS"
Haringey,Tottenham,"49 St Loys Road, N17 6UE"
Harrow,Harrow,"500 Pinner Road, HA5 5RW"
Harrow,Stanmore,"650 Honeypot Lane, HA7 1JS"
Havering,Harold Hill,"Units 7 - 9 Falcon Business Centre Ashton Road Romford, RM3 8UR"
Havering,Hornchurch,"42 North Street, RM11 1SH"
Havering,Romford,"198 Pettits Boulevard, RM1 4PL"
Havering,Wennington,"Wennington Road, RM13 9EE"
Hillingdon,Hayes,"65 Shepiston Lane , UB3 1LL"
Hillingdon,Heathrow,"Building 450, Heathrow airport Northern Perimetre Road, Longford, TW6 2RR"
Hillingdon,Hillingdon,"Uxbridge Road, UB10 0PH"
Hillingdon,Ruislip,"Bury Street, HA4 7TW"
Hounslow,Chiswick,"2-4 Heathfield Gardens, W4 4JY"
Hounslow,Feltham,"101 Faggs Road, NW1 0LH"
Hounslow,Heston,"520 London Road, Isleworth Middlesex, TW7 4HR"
Islington,Holloway,"270 - 282 Hornsey Road, N7 7QZ"
Islington,Islington,"278 Upper Street, N1 2TZ"
Kensington and Chelsea,Chelsea,"264 Kings Road, SW3 5UF"
Kensington and Chelsea,Kensington,"13 Old Court Kensington High Street , W8 4PL"
Kensington and Chelsea,North Kensington,"242 Ladbroke Grove, W10 5LP"
Kingston upon Thames,Kingston,"390 Richmond Road, KT2 5PR"
Kingston upon Thames,Surbiton,"31/33 Ewell Road Surbiton, Oakhill, KT6 6AF"
Kingston upon Thames,New Malden,"180 Burlington Road, KT3 4RW"
Lambeth,Brixton,"84 Gresham Road Brixton, SW9 7NP"
Lambeth,Clapham,"29 Old Town, SW4 0JT"
Lambeth,Lambeth,"8 Albert Embankment, Lambeth, London, SE1 7SP"
Lambeth,West Norwood,"210 Knight's Hill, SE27 0QA"
Lewisham,Deptford,"186 Evelyn Street, SE8 5DB"
Lewisham,Forest Hill,"155 Stanstead Road, SE23 1HP"
Lewisham,Lewisham,"249/259 Lewisham High Street, SE13 6NH"
Lewisham,New Cross,"266 Queen's Road, SE14 5JN"
Merton,Mitcham,"417-429 London Road, CR4 4BJ"
Merton,Wimbledon,"87 Kingston Road, SW19 1JN"
Newham,East Ham,"210 High Street South, E6 3RS"
Newham,Plaistow,"145 Prince Regent Lane, E13 8SG"
Newham,Stratford,"117 Romford Road, E15 4EH"
Redbridge,Hainault,"368 - 388 New North Road, IG6 3DY"
Redbridge,Woodford,"2 Snakes Lane, IG8 0BS"
Redbridge,Ilford,"460 High Road, IG1 1UE"
Richmond upon Thames,Richmond,"323 Lower Richmond Road, Richmond, Surrey, TW9 4PN"
Richmond upon Thames,Twickenham,"30 South Road, TW2 5NT"
Southwark,Dockhead,"8 Wolseley Street, SE1 2BP"
Southwark,Old Kent Road,"405 Old Kent Road, SE1 5AA"
Southwark,Peckham,"78-80 Peckham Road, SE5 8PR"
Sutton,Sutton,"43 St Dunstans Hill, SM1 2JX"
Sutton,Wallington,"19 Belmont Road, SM6 8TE"
Tower Hamlets,Bethnal Green,"11 Roman Road, E2 0HU"
Tower Hamlets,Millwall,"43 Westferry Road, E14 8JH"
Tower Hamlets,Poplar,"168 East India Dock Road, E14 0BP"
Tower Hamlets,Shadwell,"290 Cable Street, E1 0BX"
Tower Hamlets,Whitechapel,"27 Commercial Road, E1 1LD"
Waltham Forest,Chingford,"34 The Ridgeway, E4 6PP"
Waltham Forest,Leyton,"90B Church Road, E10 5HG"
Waltham Forest,Leytonstone,"466 High Street, E11 3HN"
Waltham Forest,Walthamstow,"343 Forest Road, E17 5JR"
Wandsworth,Wandsworth,"45 West Hill Wandsworth, SW18 1RL"
Wandsworth,Battersea,"11 Este Road, SW11 2TL"
Wandsworth,Tooting,"91 Trinity Road, SW17 7SQ"
Westminster,Paddington,"156 Harrow Rd, London, W2 6NL"
Westminster,Soho,"126 Shaftesbury Ave, London, W1D 5ET"
